Title,Duration,Budget,Reviews_by_Users,IMDB_Score,Gross_Earnings
Beer League,86,2800000,53,6,475000
Alias Betty,103,50000000,26,6.9,206400
Antitrust,109,30000000,221,6.1,10965209
Vertical Limit,124,75000000,379,5.9,68473360
The Forbidden Kingdom,104,55000000,279,6.6,25040293
Vicky Cristina Barcelona,96,15500000,365,7.2,23213577
Resident Evil: Apocalypse,98,45000000,672,6.2,50740078
Resident Evil,100,33000000,1138,6.7,39532308
Not Another Teen Movie,99,16000000,393,5.7,37882551
Defendor,95,3500000,90,6.8,37606
Cecil B. DeMented,87,10000000,150,6.2,1276984
Knowing,121,50000000,791,6.2,79948113
Hide and Seek,101,30000000,450,5.9,51097664
Loser,98,20000000,158,5.3,15464026
Snatch,104,6000000,726,8.3,30093107
Madison,94,15500000,26,6.5,508867
The Invasion,99,80000000,273,5.9,15071514
The House of Mirth,135,10000000,181,7.1,3041803
Swept Away,89,10000000,215,3.6,598645
Honey,94,25000000,144,5.3,30222640
Freddy vs. Jason,97,30000000,885,5.8,82163317
Drillbit Taylor,102,40000000,101,5.7,32853640
Open Season,83,85000000,100,6.2,84303558
On the Line,85,16000000,79,4.1,4356743
The Bank Job,111,20000000,189,7.3,30028592
Veronika Decides to Die,103,9000000,42,6.5,1709178
Case 39,109,27000000,174,6.2,13248477
"Run, Fatboy, Run",100,10000000,143,6.6,5998971
Madagascar: Escape 2 Africa,89,150000000,119,6.7,179982968
Traffic,190,48000000,867,7.6,124107476
The Jacket,94,29000000,263,7.1,6301131
Dreamgirls,130,70000000,503,6.5,103338338
The Rocker,102,15000000,104,6.2,6409206
Becoming Jane,120,16500000,151,7.1,18663911
Autumn in New York,103,40000000,180,5.5,37752931
Saving Silverman,96,22000000,201,5.9,19351569
Spy Kids 3-D: Game Over,84,38000000,188,4.1,111760631
An Everlasting Piece,103,14000000,26,6.3,75078
Southland Tales,160,17000000,238,5.5,273420
Kit Kittredge: An American Girl,101,10000000,24,6.7,17655201
Invictus,134,60000000,259,7.4,37479778
Enough,115,38000000,234,5.6,39177215
The Last Station,112,13000000,82,7,6615578
Scott Walker: 30 Century Man,95,500000,11,7.3,69521
Tanner Hall,96,3000000,14,5.9,5005
Bran Nue Dae,88,6500000,31,6.3,110029
The Machinist,94,5000000,458,7.7,1082044
The Eclipse,86,68000000,31,6.2,128937
Littleman,98,64000000,187,4.3,58255287
Basic,98,50000000,286,6.5,26536120
Standard Operating Procedure,118,5000000,22,7.5,228830
The Bourne Ultimatum,115,110000000,820,8.1,227137090
Star Wars: Episode II - Attack of the Clones,142,115000000,3516,6.7,310675583
Along Came Polly,90,42000000,268,5.9,87856565
Buffalo Soldiers,98,15000000,111,6.9,353743
Superhero Movie,82,35000000,173,4.5,25871834
Nanny McPhee,97,25000000,181,6.6,47124400
Big Trouble,74,40000000,186,6.5,7262288
Summer Catch,108,34000000,107,4.9,19693891
Harvard Man,99,5500000,69,4.9,56007
Blue Crush,104,30000000,216,5.6,40118420
The Sum of All Fears,124,68000000,568,6.4,118471320
The Man,83,33000000,76,5.5,8326035
Once in a Lifetime: The Extraordinary Story of the New York Cosmos,97,1000000,13,7.3,144431
Ghost Ship,91,35000000,474,5.5,30079316
About a Boy,101,30000000,391,7.1,40566655
xXx: State of the Union,101,87000000,213,4.3,26082914
Sky Captain and the World of Tomorrow,106,70000000,618,6.1,37760080
Gran Torino,116,33000000,871,8.2,148085755
Son of the Mask,94,84000000,239,2.2,17010646
Milk,128,20000000,281,7.6,31838002
Get Over It,87,22000000,180,5.8,11560259
Far from Heaven,107,13500000,378,7.4,15854988
The Soloist,117,60000000,143,6.7,31670931
The Good Girl,93,5000000,298,6.5,14015786
Auto Focus,105,7000000,147,6.6,2062066
Dawn of the Dead,110,26000000,1057,7.4,58885635
Reindeer Games,124,34000000,212,5.7,23360779
Mr. Deeds,96,50000000,309,5.8,126203320
When a Stranger Calls,87,15000000,468,5,47860214
Kangaroo Jack,89,60000000,181,4.4,66734992
The Covenant,97,20000000,334,5.3,23292105
Heartbreakers,123,35000000,216,6.2,40334024
Slither,95,15500000,352,6.5,7774730
What a Girl Wants,105,20000000,194,5.8,35990505
Blade: Trinity,122,65000000,514,5.9,52397389
Diary of a Mad Black Woman,116,5500000,202,5.6,50382128
Josie and the Pussycats,98,22000000,242,5.3,14252830
Spanglish,131,80000000,342,6.5,42044321
Treasure Planet,95,140000000,217,7.1,38120554
The City of Your Final Destination,117,8300000,25,6.4,1448788
Imagine That,107,55000000,39,5.6,16088610
City of Ghosts,116,17500000,67,6,325491
Burn After Reading,96,37000000,545,7,60338891
Vantage Point,90,40000000,422,6.6,72266306
Supercross,80,30000000,38,4,3101301
Capote,110,7000000,416,7.4,28747570
The Skulls,106,15000000,193,5.6,35007180
The Banger Sisters,98,10000000,147,5.6,30306281
Master and Commander: The Far Side of the World,138,150000000,684,7.4,93926386
The Brown Bunny,93,10000000,226,5,365734
The Princess and the Frog,97,105000000,214,7.1,104374107
Yes,100,1000000,48,6.9,396035
Alvin and the Chipmunks: The Squeakquel,88,75000000,98,4.5,219613391
The Legend of God's Gun,78,30000,9,4.1,243768
Final Destination 3,86,25000000,571,5.8,54098051
The Hitchhiker's Guide to the Galaxy,109,50000000,1053,6.8,51019112
Duplex,89,40000000,147,5.8,9652000
Feardotcom,101,42000000,388,3.3,13208023
Alexander,206,155000000,1390,5.5,34293771
The Way of the Gun,119,8500000,327,6.7,6047856
Soul Kitchen,99,4000000,26,7.3,274385
Miss Potter,88,30000000,142,7,2975649
Who Killed the Electric Car?,92,1000000,155,7.7,1677838
A Guy Thing,101,20000000,92,5.6,15408822
The Crocodile Hunter: Collision Course,90,13000000,106,5.4,28399192
Pride & Prejudice,135,28000000,1058,7.8,38372662
Scooby-Doo,86,84000000,521,4.9,153288182
Return to Me,115,24000000,275,6.9,32662299
Dave Chappelle's Block Party,100,3000000,72,7.2,11694528
Lucky You,124,55000000,63,5.9,5755286
Hitman,94,24000000,376,6.3,39687528
Syriana,128,50000000,625,7,50815288
She's the Man,105,20000000,261,6.4,33687630
The SpongeBob SquarePants Movie,87,30000000,186,7,85416609
Gory Gory Hallelujah,96,100000,18,4.7,11798
Zombieland,88,23600000,553,7.7,75590286
Star Trek: Nemesis,116,60000000,842,6.4,43119879
The Last Legion,102,35000000,174,5.4,5932060
The Departed,151,90000000,2054,8.5,132373442
Spider-Man,121,139000000,2012,7.3,403706375
Law Abiding Citizen,118,50000000,429,7.4,73343413
Beverly Hills Chihuahua,91,20000000,99,3.7,94497271
How High,93,12000000,102,6.2,31155435
March of the Penguins,80,8000000,331,7.6,77413017
Casino Royale,144,150000000,2301,8,167007184
Exam,101,600000,120,6.9,394717
Hot Rod,88,25000000,149,6.7,13920741
Come Early Morning,97,6000000,29,6.2,117560
Choke,92,3000000,72,6.5,2926565
Fuel,112,2500000,34,7.6,173783
Sunshine State,141,5600000,81,6.9,3064356
The Simpsons Movie,87,75000000,763,7.4,183132370
Shall We Dance,106,50000000,211,6.1,57887882
Secret Window,96,40000000,531,6.6,47781388
National Treasure,131,100000000,692,6.9,173005002
Prom Night,89,20000000,260,3.9,43818159
The Bridge of San Luis Rey,120,24000000,50,5.1,42880
Holes,117,20000000,331,7.1,67325559
Dr. Dolittle 2,87,72000000,79,4.6,112950721
Walking Tall,86,56000000,221,6.2,45860039
Enemy at the Gates,131,68000000,662,7.6,51396781
Man of the House,100,40000000,94,5.4,19118247
Good Boy!,87,17000000,48,5.1,37566230
Deck the Halls,93,51000000,110,4.9,35092918
The Terminal,128,60000000,596,7.3,77032279
Pirates of the Caribbean: Dead Man's Chest,151,225000000,1832,7.3,423032628
School of Rock,108,35000000,479,7.1,81257845
Gothika,98,40000000,376,5.8,59588068
King Kong,201,207000000,2618,7.2,218051260
Birthday Girl,93,13000000,159,6.1,4919896
Crossover,95,5600000,36,2.1,7009668
The Hours,114,25000000,660,7.6,41597830
The Last King of Scotland,121,6000000,351,7.7,17605861
Blow,124,30000000,426,7.6,52937130
Ready to Rumble,107,24000000,101,5.3,12372410
The Good Guy,90,8000000,20,5.9,100503
"Paris, je t'aime",120,13000000,123,7.3,4857376
Teeth,94,2000000,161,5.4,347578
Max Keeble's Big Move,91,12000000,69,5.3,17292381
Aquamarine,104,12000000,150,5.3,18595716
Y Tu MamÃ¡ TambiÃ©n,106,2000000,385,7.7,13622333
The Sweetest Thing,90,43000000,403,5.1,24430272
New in Town,97,8000000,78,5.6,16699684
The Lovely Bones,135,65000000,593,6.7,43982842
Ladder 49,115,55000000,323,6.5,74540762
Don't Say a Word,113,50000000,248,6.3,54997476
Insomnia,118,46000000,651,7.2,67263182
Black Knight,95,50000000,164,4.8,33422806
Frequency,118,31000000,510,7.3,44983704
Hearts in Atlantis,101,31000000,268,6.9,24185781
Timeline,116,80000000,457,5.6,19480739
Meet the Spartans,86,30000000,409,2.7,38232624
The Death and Life of Bobby Z,97,22000000,31,5.9,413454
Swing Vote,120,21000000,79,6.1,16284360
Agent Cody Banks 2: Destination London,100,26000000,44,4.5,23222861
Equilibrium,107,20000000,1137,7.5,1190018
Final Destination,98,23000000,674,6.7,53302314
The Other Boleyn Girl,115,35000000,252,6.7,26814957
Songcatcher,109,1800000,78,7.3,3050934
Austin Powers in Goldmember,94,63000000,795,6.2,213079163
Bathory: Countess of Blood,141,15000000,32,6,7005528
The Chumscrubber,108,6800000,129,7,49526
Lonesome Jim,91,500000,53,6.6,154077
Dolphins and Whales 3D: Tribes of the Ocean,42,6000000,5,6.5,7518876
Funny Games,111,15000000,436,6.5,1294640
The Wash,93,4000000,38,4.6,10097096
Save the Last Dance,112,13000000,320,6.1,91038276
Married Life,91,12000000,50,6.3,1506998
G.I. Joe: The Rise of Cobra,118,175000000,534,5.8,150167630
8 Women,111,8000000,162,7.1,3076425
Spy Kids,88,35000000,205,5.4,112692062
Divine Secrets of the Ya-Ya Sisterhood,116,27000000,199,6,69586544
The Fourth Kind,98,10000000,330,5.9,25464480
The Night Listener,81,4000000,156,5.9,7825820
Brokeback Mountain,134,14000000,2254,7.7,83025853
Juwanna Mann,91,15600000,40,4.5,13571817
Pineapple Express,117,27000000,374,7,87341380
The Break-Up,106,52000000,483,5.8,118683135
25th Hour,108,15000000,454,7.7,13060843
Elektra,100,43000000,380,4.8,24407944
The Damned United,98,10000000,75,7.6,449558
Drag Me to Hell,99,30000000,691,6.6,42057340
Million Dollar Baby,132,30000000,1106,8.1,100422786
Darkness,103,10600000,349,5.4,22160085
The Business of Fancydancing,103,200000,14,6.9,174682
K-PAX,120,48000000,537,7.4,50173190
Where the Heart Is,120,15000000,240,6.8,33771174
An Education,100,4500000,237,7.3,12574715
Disturbia,105,20000000,491,6.9,80050171
The Love Guru,87,62000000,250,3.8,32178777
102 Dalmatians,100,85000000,77,4.8,66941559
Guiana 1838,120,1000000,2,7.4,227241
Godsend,102,25000000,191,4.8,14334645
New York Minute,91,30000000,111,4.8,14018364
Why Did I Get Married?,113,15000000,100,5.6,55184721
Everybody's Fine,99,21000000,117,7.2,8855646
Scary Movie 4,89,45000000,410,5.1,90703745
Bella,91,3300000,174,7.4,8108247
War of the Worlds,116,132000000,2741,6.5,234277056
I Am Legend,104,150000000,1413,7.2,256386216
How to Deal,101,16000000,95,5.7,14108518
The Specials,82,1000000,54,6,12996
Larry the Cable Guy: Health Inspector,89,4000000,112,3.1,15655665
Solitary Man,90,15000000,60,6.4,4360548
Behind Enemy Lines,106,40000000,411,6.4,59068786
The Believer,98,1500000,159,7.2,406035
Eden Lake,91,2000000,357,6.8,5824
Bloody Sunday,107,2000000,120,7.7,768045
Duma,100,12000000,43,7.3,860002
The Dead Girl,93,3300000,73,6.7,17311
Spider-Man 2,135,200000000,1303,7.3,373377893
Ghosts of Mars,98,28000000,460,4.9,8434601
Jindabyne,118,15000000,115,6.4,399879
Wendy and Lucy,80,200000,112,7.1,856942
The Skeleton Key,104,43000000,371,6.5,47806295
Lakeview Terrace,110,22000000,135,6.1,39263506
Boynton Beach Club,105,1500000,27,6.5,3123749
Gerry,103,3500000,290,6.2,236266
Billy Elliot,110,5000000,433,7.7,21994911
My Big Fat Independent Movie,80,3000000,24,3.3,12155249
The Happening,91,48000000,1264,5,64505912
The Informers,98,18000000,93,5.1,382174
White Oleander,109,16000000,171,7.2,16346122
Brooklyn Rules,99,8000000,48,6.4,398420
Bad Boys II,147,130000000,511,6.6,138396624
Hamlet 2,92,9000000,76,6.4,4881867
The Flower of Evil,104,6000000,36,6.6,181798
Halloween II,119,15000000,491,4.9,33386128
Bronson,92,230000,145,7.1,104792
Rugrats Go Wild,80,25000000,35,5.6,39399750
How to Lose a Guy in 10 Days,116,50000000,357,6.4,105807520
American Gangster,176,100000000,458,7.8,130127620
Scoop,96,4000000,248,6.7,10515579
The Art of War,116,40000000,167,5.7,30199105
Wild Hogs,100,60000000,255,5.9,168213584
Chasing Liberty,101,23000000,129,6.1,12189514
"Lovely, Still",90,5000000,15,7.3,124720
All the Pretty Horses,220,57000000,183,5.8,15527125
The Proposal,108,40000000,273,6.7,163947053
Forgetting Sarah Marshall,118,30000000,325,7.2,62877175
The White Countess,135,16000000,78,6.7,1666262
The Astronaut Farmer,104,13000000,128,6.3,10996440
Sleepover,89,10000000,75,5.3,8070311
Racing Stripes,102,30000000,86,5.2,49186871
A History of Violence,96,32000000,1125,7.5,31493782
17 Again,102,20000000,185,6.4,64149837
Cloverfield,85,25000000,2192,7,80034302
Harry Potter and the Goblet of Fire,157,150000000,1896,7.6,289994397
The Curious Case of Benjamin Button,166,150000000,822,7.8,127490802
The X Files: I Want to Believe,108,30000000,492,5.9,20981633
Hatchet,93,1500000,235,5.7,240396
High Fidelity,113,20000000,602,7.6,27277055
Pulse,90,20000000,258,4.7,20259297
The Time Machine,96,80000000,615,5.9,56684819
Downfall,178,13500000,564,8.3,5501940
Hard Candy,104,950000,651,7.1,1007962
Marie Antoinette,123,40000000,619,6.4,15962471
The Work and the Glory,118,7500000,33,6.9,3347439
Hanging Up,94,60000000,130,4.7,36037909
The Sisterhood of the Traveling Pants 2,119,27000000,33,6.2,44087387
Freedom Writers,123,21000000,235,7.5,36581633
The Imaginarium of Doctor Parnassus,123,40000000,210,6.8,7689458
Bridget Jones's Diary,97,26000000,571,6.7,71500556
High School Musical 3: Senior Year,112,11000000,171,4.5,90556401
The Assassination of Jesse James by the Coward Robert Ford,160,30000000,415,7.5,3904982
The Haunted Mansion,88,90000000,179,4.9,75817994
The Core,135,60000000,466,5.4,31111260
Bandits,123,80000000,261,6.6,41523271
Shrek,90,60000000,945,7.9,267652016
I Can Do Bad All by Myself,113,13000000,59,4.1,51697449
A Scanner Darkly,100,8700000,293,7.1,5480996
The Royal Tenenbaums,110,21000000,962,7.6,52353636
A Home at the End of the World,97,6500000,135,6.8,1029017
From Justin to Kelly,90,12000000,304,2.1,4922166
X-Men,104,75000000,1401,7.4,157299717
Royal Kill,90,350000,18,3.2,50090
30 Days of Night,113,32000000,527,6.6,39568996
Ghost Rider,123,110000000,681,5.2,115802596
The Pink Panther,93,65000000,424,5.6,82226474
Wanted,110,75000000,713,6.7,134568845
Nowhere in Africa,141,7000000,84,7.7,6173485
Hostel: Part II,94,10000000,384,5.4,17544812
Freeze Frame,99,2000000,41,6.4,39663
The Broken Hearts Club: A Romantic Comedy,94,1000000,120,7,1744858
The Whole Nine Yards,98,24000000,318,6.7,57262492
Certifiably Jonathan,85,1200000,2,6.2,7826
Before Sunset,80,2700000,492,8,5792822
Pitch Black,112,23000000,805,7.1,39235088
Yes Man,104,70000000,243,6.8,97680195
Hidalgo,136,100000000,345,6.7,67286731
Mambo Italiano,92,5000000,67,6.7,6239558
Adventureland,107,9800000,220,6.8,16025394
The Brothers Grimm,118,88000000,492,5.9,37899638
EuroTrip,93,25000000,316,6.6,17718223
Big Fish,125,70000000,816,8,66257002
Trucker,90,2000000,22,6.7,52166
Atlantis: The Lost Empire,95,120000000,289,6.8,84037039
Soul Men,100,40000000,25,6.5,12081447
Ballistic: Ecks vs. Sever,91,70000000,277,3.6,14294842
The Express,130,40000000,45,7.3,9589875
A Serious Man,106,7000000,324,7,9190525
Christmas with the Kranks,99,60000000,209,5.2,73701902
Catch That Kid,91,18000000,49,5.2,16702864
Being Julia,104,18000000,112,7.1,7739049
Crazy Heart,112,7000000,226,7.3,39462438
Where the Wild Things Are,101,100000000,388,6.8,77222184
Red Planet,106,70000000,348,5.7,17473245
Sweet Home Alabama,108,38000000,392,6.1,127214072
Torque,84,40000000,207,4,21176322
Night at the Museum: Battle of the Smithsonian,105,150000000,209,5.9,177243721
Swimming Pool,102,7800000,288,6.8,10105505
Funny Ha Ha,85,30000,61,6.4,88078
An Inconvenient Truth,96,1500000,504,7.5,23808111
The Oxford Murders,104,10000000,94,6.1,3607
Home on the Range,76,110000000,88,5.4,50026353
Team America: World Police,98,30000000,700,7.2,32774834
Owning Mahowny,104,10000000,83,7.2,1011054
Dirty Pretty Things,97,10000000,203,7.4,8111360
Purple Violets,103,4000000,19,6.6,126897
The Aviator,170,110000000,799,7.5,102608827
Sinbad: Legend of the Seven Seas,85,60000000,91,6.7,26288320
Dragon Wars: D-War,107,35000000,364,3.6,10956379
Cats & Dogs,87,60000000,235,5.2,93375151
Body of Lies,128,70000000,263,7.1,39380442
Black Christmas,94,9000000,278,4.5,16235293
Me and You and Everyone We Know,91,2000000,243,7.4,3885134
The Replacements,118,50000000,261,6.5,44737059
Stuck on You,118,55000000,154,5.8,33828318
Life During Wartime,98,4500000,37,6.5,278821
The Italian Job,111,60000000,497,7,106126012
Baghead,84,200000,40,6,140016
Mad Money,104,22000000,54,5.8,20668843
A Prairie Home Companion,105,10000000,280,6.8,20338609
Wristcutters: A Love Story,88,1000000,88,7.4,104077
High Heels and Low Lifes,86,10000000,44,6.2,226792
Legally Blonde,96,18000000,548,6.2,95001351
The Watcher,97,33000000,181,5.3,28927720
The Mist,126,18000000,1066,7.2,25592632
Ararat,115,15500000,180,6.6,1554566
Into the Wild,148,15000000,760,8.2,18352454
The Squid and the Whale,88,1500000,232,7.4,7362100
Garden State,102,2500000,978,7.6,26781723
All the Queen's Men,105,25000000,40,4.5,22723
My Name Is Bruce,84,1500000,88,6.3,173066
Stardust,127,70000000,492,7.7,38345403
Saw,103,1200000,1509,7.7,55153403
The Perfect Storm,130,140000000,779,6.4,182618434
The Curse of the Jade Scorpion,103,26000000,178,6.8,7496522
Daddy Day Care,92,60000000,116,5.5,104148781
Repo! The Genetic Opera,150,8500000,259,6.7,140244
White Chicks,109,37000000,251,5.4,69148997
Sexy Beast,89,4300000,346,7.3,6940281
Iron Man,126,140000000,1055,7.9,318298180
Two Brothers,109,59660000,124,7.1,18947630
Nutty Professor II: The Klumps,109,65000000,171,4.3,123307945
Morvern Callar,97,6000000,111,6.7,267194
Town & Country,104,90000000,89,4.4,6712451
O,95,5000000,153,6.2,16017403
Eye of the Dolphin,100,2500000,18,5.7,71904
Layer Cake,105,4000000,263,7.4,2338695
Cast Away,143,90000000,1051,7.7,233630478
Sydney White,108,16500000,50,6.3,11702090
Capitalism: A Love Story,105,20000000,188,7.4,14359793
Saved!,92,5000000,324,6.9,8786715
The League of Extraordinary Gentlemen,110,78000000,786,5.8,66462600
Crocodile Dundee in Los Angeles,92,21150000,119,4.8,25590119
The Lizzie McGuire Movie,94,17000000,172,5.3,42672630
Charlotte's Web,97,85000000,102,6.4,82506325
In the Valley of Elah,121,23000000,224,7.2,6777589
Donnie Darko,133,4500000,2110,8.1,727883
Bandslam,111,20000000,39,6.4,5205343
Mystic River,138,25000000,935,8,90135191
Idiocracy,84,2400000,434,6.6,438653
Barbershop 2: Back in Business,106,18000000,69,5.7,64955956
Fascination,103,5000000,44,3.3,16066
How the Grinch Stole Christmas,110,123000000,482,6,260031035
Grandma's Boy,90,5000000,202,7,6088249
Love Actually,129,45000000,1004,7.7,59365105
Eternal Sunshine of the Spotless Mind,108,20000000,1514,8.3,34126138
The Work and the Glory II: American Zion,100,6500000,21,6.6,2024854
The Invention of Lying,100,18500000,287,6.4,18439082
Marci X,80,20000000,66,2.8,1646664
Nowhere Boy,98,1900000,75,7.2,1445366
Femme Fatale,114,35000000,232,6.3,6592103
I Think I Love My Wife,94,11000000,55,5.5,12550242
Gangster's Paradise: Jerusalema,119,2000000,23,7.8,4958
Cellular,94,25000000,355,6.5,32003620
The Ring Two,128,50000000,560,5.4,75888270
The Salon,90,1500000,5,4.3,92362
Time Changer,95,825000,158,5.6,15278
Oceans,104,40000000,42,7.8,19406406
City of Ember,90,55000000,102,6.5,7871693
Ice Age,103,59000000,467,7.6,176387405
The Blue Butterfly,97,12500000,28,6.3,1775619
Fish Tank,123,3000000,112,7.3,373060
The Curse of the Were-Rabbit,85,30000000,307,7.5,56068547
Brothers,105,26000000,201,7.1,28501651
Like Mike,99,30000000,72,5.1,51432423
King's Ransom,95,15000000,20,4.1,4006906
The Legend of Bagger Vance,126,60000000,267,6.7,30695227
Rent,135,40000000,754,7,29077547
Moon,97,5000000,485,7.9,5009677
Deuce Bigalow: European Gigolo,83,22000000,166,4.6,22264487
Big Momma's House 2,99,40000000,82,4.6,70163652
Into the Blue,110,50000000,208,5.8,18472363
The Rookie,127,20000000,174,7,75597042
Pontypool,95,1500000,142,6.7,3478
The Bourne Identity,119,60000000,849,7.9,121468960
All Hat,89,5000000,8,5.3,15198
Beyond the Sea,118,23000000,248,6.7,6144806
Dodgeball: A True Underdog Story,92,20000000,392,6.7,114324072
Poultrygeist: Night of the Chicken Dead,103,500000,58,6.2,23000
The One,85,49000000,294,5.9,43905746
Unleashed,103,45000000,303,7,24520892
City by the Sea,108,60000000,166,6.2,22433915
Bamboozled,135,10000000,186,6.5,2185266
The Big Bounce,88,50000000,93,4.9,6471394
Monster,109,4500000,533,7.3,34468224
Lucky Numbers,105,65000000,69,5,10014234
Welcome to the Sticks,106,11000000,49,7.1,245144417
The Butterfly Effect,120,13000000,1100,7.7,23947
Thir13en Ghosts,91,20000000,478,5.5,41867960
Thank You for Smoking,92,6500000,323,7.6,24792061
Martian Child,106,27000000,71,6.8,7486906
Shaun of the Dead,99,4000000,859,8,13464388
Tristram Shandy: A Cock and Bull Story,94,2800000,123,6.8,1247453
Bad Lieutenant: Port of Call New Orleans,122,20000000,212,6.7,1697956
Knocked Up,133,30000000,559,7,148734225
Redacted,90,5000000,108,6.2,65087
The Time Traveler's Wife,107,39000000,234,7.1,63411478
Session 9,100,1500000,481,6.5,373967
I Spy,97,70000000,141,5.4,33105600
The Medallion,108,41000000,132,5.2,22108977
Kill Bill: Vol. 1,111,30000000,2105,8.1,70098138
Northfork,103,1900000,122,6.4,1420578
Australia,165,130000000,450,6.6,49551662
The Sisterhood of the Traveling Pants,119,25000000,223,6.6,39008741
Driving Lessons,98,4700000,70,6.8,238774
The Mummy Returns,130,98000000,890,6.3,202007640
16 Blocks,102,52000000,305,6.6,36883539
Miss March,90,6000000,73,5.1,4542775
Hey Arnold! The Movie,76,3000000,43,5.9,13684949
Arnolds Park,103,600000,4,5.6,23616
Hannah Montana: The Movie,102,30000000,140,4.2,79566871
Chicago,113,45000000,1017,7.2,170684505
Hoodwinked!,80,17500000,247,6.5,51053787
Step Up,104,12000000,271,6.5,65269010
Stan Helsing,90,365000,66,3.6,1553556
Derailed,112,22000000,375,6.6,36020063
Star Wars: Episode III - Revenge of the Sith,140,113000000,3286,7.6,380262555
The Animal,84,22000000,132,4.8,55762229
The Contender,126,20000000,370,7,17804273
Lara Croft: Tomb Raider,100,115000000,824,5.7,131144183
Hulk,138,137000000,1445,5.7,132122995
The Slaughter Rule,112,500000,32,6.1,13134
Goal! The Dream Begins,118,10000000,114,6.8,4280577
40 Days and 40 Nights,96,17000000,207,5.6,37939782
Flags of Our Fathers,135,90000000,415,7.1,33574332
Adaptation.,81,19000000,710,7.7,22245861
RocknRolla,114,18000000,192,7.3,5694401
ATL,105,20000000,92,6,21160089
Ocean's Thirteen,122,85000000,288,6.9,117144465
Dark Blue,118,15000000,125,6.6,9059588
Shark Tale,90,75000000,288,6,160762022
Flightplan,98,55000000,600,6.2,89706988
The Savages,114,9000000,127,7.2,6610326
Glitter,104,22000000,308,2.1,4273372
Panic Room,112,48000000,850,6.8,95308367
In Her Line of Fire,88,1000000,12,4.1,721
We Own the Night,117,21000000,199,6.9,28563179
In the Bedroom,138,1700000,510,7.5,35918429
Club Dread,119,8550000,201,5.6,4992159
State of Play,127,60000000,235,7.1,36965395
Mirrors,112,35000000,232,6.2,30691439
This Thing of Ours,100,2000000,18,5.4,37227
Bridge to Terabithia,96,17000000,522,7.2,82234139
Flash of Genius,119,20000000,45,7,4234040
Cheaper by the Dozen 2,94,60000000,128,5.4,82569532
Code 46,93,7500000,150,6.3,197148
Gun Shy,101,10000000,91,5.7,1631839
Chasing Papi,76,9000000,41,4.8,6126237
Made,95,5000000,165,6.4,5308707
The Devil's Rejects,109,7000000,687,6.9,16901126
The History Boys,109,2000000,172,6.9,2706659
Triangle,99,12000000,293,6.9,1594955
Lars and the Real Girl,106,12000000,299,7.4,5949693
Public Enemies,140,100000000,585,7,97030725
Bridget Jones: The Edge of Reason,108,40000000,259,5.9,40203020
Double Take,88,24000000,50,5.3,20218
The New Guy,92,13000000,159,5.9,28972187
The Yards,115,24000000,138,6.4,882710
Just My Luck,103,28000000,149,5.3,17324744
Ghost World,111,7000000,488,7.4,6200756
Made of Honor,101,40000000,101,5.8,46012734
Doubt,104,20000000,321,7.5,33422556
The Kid,104,60000000,139,6.1,69688384
Religulous,101,2500000,345,7.7,12995673
Pooh's Heffalump Movie,68,20000000,32,6.4,18081626
Eight Legged Freaks,99,30000000,291,5.4,17266505
In the Land of Women,97,10000000,74,6.5,11043445
Phone Booth,81,13000000,629,7.1,46563158
Man of the Year,115,20000000,236,6.2,37442180
Year One,100,60000000,203,4.9,43337279
Harry Potter and the Order of the Phoenix,138,150000000,1108,7.5,292000866
"Dude, Where's My Car?",83,13000000,469,5.5,46729374
Herbie Fully Loaded,101,50000000,168,4.7,66002004
Undiscovered,97,9000000,45,4.2,1046166
Old School,88,24000000,404,7.2,74608545
Clean,110,4500,39,6.9,136007
Fat Albert,93,26000000,91,4.3,48114556
Narc,105,7500000,214,7.2,10460089
Walk the Line,153,28000000,815,7.9,119518352
Brooklyn's Finest,132,17000000,138,6.7,27154426
Monsters vs. Aliens,94,175000000,187,6.5,198332128
Someone Like You...,97,23000000,167,6.1,27338033
Monster-in-Law,101,60000000,228,5.5,82931301
What Lies Beneath,130,100000000,683,6.6,155370362
The Original Kings of Comedy,115,3000000,83,6.6,38168022
Harold & Kumar Go to White Castle,88,9000000,316,7.1,18225165
Stomp the Yard,109,14000000,162,5.2,61356221
Hollywood Ending,112,16000000,148,6.6,4839383
Evan Almighty,96,175000000,257,5.4,100289690
Better Luck Tomorrow,98,250000,138,7.2,3799339
[Rec] 2,85,5600000,148,6.6,27024
Return to Never Land,72,20000000,79,5.8,48423368
Superbad,119,20000000,555,7.6,121463226
Race to Witch Mountain,98,65000000,110,5.7,67128202
The Orphanage,105,3400000,308,7.5,7159147
BloodRayne,92,25000000,471,2.9,1550000
Something's Gotta Give,128,80000000,402,6.7,124590960
A.I. Artificial Intelligence,146,100000000,2153,7.1,78616689
You Got Served,95,8000000,247,3.5,40066497
Revolutionary Road,119,35000000,414,7.3,22877808
Finding Neverland,101,25000000,632,7.8,51676606
Underclassman,95,25000000,26,4.1,5654777
Here on Earth,96,15000000,162,5.1,10494147
Space Cowboys,130,65000000,326,6.4,90454043
The Stepford Wives,93,90000000,407,5.2,59475623
1408,114,25000000,580,6.8,71975611
"You, Me and Dupree",110,54000000,195,5.6,75604320
Pandaemonium,124,15000000,32,6.6,17113
Vanity Fair,141,23000000,148,6.2,16123851
Severance,90,5000000,194,6.6,136432
The Hoax,116,25000000,74,6.7,7156933
Best in Show,90,6000000,340,7.5,18621249
Whatever Works,92,15000000,169,7.2,5306447
Welcome to Mooseport,110,26000000,95,5.2,14469428
How to Lose Friends & Alienate People,110,27000000,98,6.5,2775593
Pieces of April,80,300000,177,7.1,2360184
Moulin Rouge!,127,52500000,2319,7.6,57386369
The Horse Boy,93,160000,9,7.4,155984
Good Bye Lenin!,121,4800000,225,7.7,4063859
The Namesake,122,9500000,117,7.6,13569248
Mirrormask,101,4000000,151,6.9,864959
Slackers,86,11000000,107,5.3,4814244
Anything Else,108,18000000,155,6.4,3203044
Pan's Labyrinth,112,13500000,1083,8.2,37623143
8 Mile,110,41000000,564,7,116724075
Little Children,137,26000000,320,7.6,5459824
Maid in Manhattan,105,55000000,242,5.1,93815117
Quantum of Solace,106,200000000,1243,6.7,168368427
Shutter,90,8000000,148,5.2,25926543
John Q,116,36000000,394,7,71026631
Ira & Abby,101,3500000,24,6.5,220234
The Libertine,114,22000000,260,6.4,4829497
Sunshine Cleaning,91,8000000,134,6.9,12055108
Take the Lead,118,30000000,127,6.7,34703228
"Surfer, Dude",85,6000000,37,4.7,36497
Anatomy,103,8400000,110,6.1,5725
Love Happens,109,18000000,77,5.6,22927390
Bubba Ho-Tep,92,1000000,366,7.2,1492895
The Ultimate Gift,114,9000000,81,7.4,3420871
Where the Truth Lies,107,25000000,128,6.5,871527
Mindhunters,101,27000000,226,6.4,4476235
The Jungle Book 2,72,20000000,58,5.4,47887943
Cold Mountain,154,79000000,674,7.2,95632614
The Statement,120,23000000,52,6.2,763044
Taking Woodstock,120,30000000,71,6.7,7443007
Forty Shades of Blue,108,1500000,26,6,172569
Chain Letter,88,5000000,48,4.1,143000
Role Models,101,28000000,170,6.9,67266300
Death at a Funeral,87,9000000,199,7.4,8579684
Jay and Silent Bob Strike Back,104,22000000,867,6.9,30059386
Curious George,78,50000000,118,6.6,58336565
Kiss Kiss Bang Bang,103,15000000,336,7.6,4235837
Ray,178,40000000,433,7.7,75305995
The Hammer,88,850000,23,7.3,442638
The Sentinel,107,60000000,213,6.1,36279230
Angels & Demons,146,150000000,435,6.7,133375846
Ninja Assassin,99,40000000,194,6.4,38105077
Sicko,123,9000000,429,8,24530513
The Baader Meinhof Complex,184,20000000,110,7.4,476270
My Bloody Valentine,101,15000000,268,5.5,51527787
The Matador,96,10000000,234,6.8,12570442
World's Greatest Dad,99,10000000,129,6.9,221210
Sweet November,119,40000000,274,6.7,25178165
Under the Tuscan Sun,113,18000000,317,6.7,43601508
School for Scoundrels,108,20000000,97,5.9,17803796
The Chorus,97,5500000,110,7.9,3629758
Freddy Got Fingered,87,15000000,619,4.5,14249005
Scream 3,116,40000000,734,5.5,89138076
Get Low,100,7500000,97,7.1,9176553
The Twilight Saga: New Moon,130,50000000,919,4.6,296623634
Latter Days,107,850000,252,7.2,819939
From Hell,122,35000000,541,6.8,31598308
An American Haunting,91,14000000,747,5,16298046
Cinderella Man,144,88000000,529,8,61644321
Confessions of a Teenage Drama Queen,89,15000000,105,4.6,29302097
Megiddo: The Omega Code 2,104,22000000,111,4.1,5974653
Saw III,121,10000000,614,6.2,80150343
Cradle 2 the Grave,101,30000000,185,5.8,34604054
Sahara,124,130000000,463,6,68642452
The Hills Have Eyes,108,15000000,855,6.4,41777564
Soul Survivors,84,14000000,181,3.9,3100650
Wordplay,94,500000,43,7.4,3117666
Baby Boy,130,16000000,81,6.4,28734552
Bad Company,116,70000000,189,5.6,30157016
Bruce Almighty,101,81000000,604,6.7,242589580
Texas Rangers,110,38000000,67,5.2,623374
Shattered,98,20000000,118,6.7,7651640
The Cell,109,33000000,677,6.3,61280963
Whatever It Takes,94,15000000,89,5.5,8735529
The Missing Person,95,1500000,23,6.2,17580
Ayurveda: Art of Being,102,300000,12,7.6,16892
Little Nicholas,91,22700000,17,7.2,62794894
Zack and Miri Make a Porno,101,24000000,243,6.6,31452765
Real Women Have Curves,90,3000000,109,7,5844929
Rat Race,112,48000000,497,6.4,56607223
The Chronicles of Riddick,134,105000000,666,6.7,57637485
The Sea Inside,125,10000000,140,8.1,2086345
Paul Blart: Mall Cop,91,26000000,201,5.2,20819129
Ondine,111,12000000,57,6.8,548934
Barnyard,90,51000000,155,5.6,72601713
Live Free or Die Hard,129,110000000,782,7.2,134520804
Men in Black II,88,140000000,606,6.1,190418803
Lake Mungo,89,1400000,85,6.1,8128
28 Days Later...,113,8000000,1441,7.6,45063889
Perrier's Bounty,88,6600000,31,6.4,828
Resurrecting the Champ,112,13000000,59,6.8,3169424
Happily N'Ever After,75,47000000,71,4.5,15519841
Kicking & Screaming,95,45000000,118,5.6,52580895
Shanghai Noon,110,55000000,293,6.6,56932305
Easy Virtue,97,14000000,79,6.7,2656324
No Country for Old Men,122,25000000,1518,8.1,74273505
Get Smart,110,80000000,380,6.5,130313314
The Pianist,150,35000000,761,8.5,32519322
Fahrenheit 9/11,122,6000000,1416,7.5,119078393
Welcome to Collinwood,86,12000000,90,6.4,333976
Lisa Picard Is Famous,90,1000000,16,5.7,112521
The Pirates Who Don't Do Anything: A VeggieTales Movie,85,15000000,22,5.7,12701880
Birth,100,20000000,361,6.1,5005883
I'm Not There.,135,20000000,230,7,4001121
Incident at Loch Ness,94,1400000,63,6.6,36830
"I Love You, Beth Cooper",102,18000000,80,5.3,14793904
White Noise 2: The Light,99,10000000,82,5.7,8243567
Sideways,126,12000000,835,7.5,71502303
Hairspray,117,75000000,401,6.7,118823091
AVP: Alien vs. Predator,109,60000000,1283,5.6,80281096
Riding in Cars with Boys,132,48000000,210,6.4,29781453
George Washington,90,42000,76,7.5,241816
Street Kings,109,20000000,189,6.8,26415649
Feast,95,3200000,252,6.4,690872
Donkey Punch,99,900000,74,5.2,18378
What Happens in Vegas,101,35000000,151,6.1,80276912
The 40-Year-Old Virgin,133,26000000,546,7.1,109243478
Ali,165,107000000,386,6.8,58183966
August Rush,114,30000000,364,7.5,31655091
Head of State,95,35200000,80,5.4,37788228
Recess: School's Out,82,23000000,38,6.5,36696761
American Wedding,74,55000000,332,6.3,104354205
The International,118,50000000,190,6.5,25450527
Against the Ropes,110,39000000,50,5.3,5881504
Poolhall Junkies,99,4000000,113,7,562059
Crash,115,6500000,1624,7.9,54557348
Princess Kaiulani,97,9000000,14,6.2,883887
The Messenger,105,6500000,92,7.2,66637
Unfaithful,124,50000000,533,6.7,52752475
Rachel Getting Married,113,12000000,281,6.7,12796277
I Dreamed of Africa,114,34000000,61,5.6,6543194
The Number 23,98,32000000,383,6.4,35063732
Johnny English,87,35000000,285,6.1,27972410
Gossip,90,24000000,112,5.9,5108820
28 Weeks Later,100,15000000,713,7,28637507
Domestic Disturbance,89,53000000,190,5.5,45207112
Dreamcatcher,136,68000000,662,5.5,33685268
Kinsey,118,11000000,204,7.1,10214647
The Prestige,130,40000000,1100,8.5,53082743
Agora,141,70000000,172,7.2,617840
Pathology,95,8000000,107,6,108662
Spy Game,114,92000000,361,7,26871
Malevolence,90,200000,112,5.1,346085
Rendition,122,27500000,197,6.8,9664316
The Family Man,125,60000000,322,6.7,75764085
Twilight,122,37000000,1535,5.2,191449475
Primer,77,7000,371,7,424760
Transporter 2,87,32000000,340,6.3,43095600
Knockaround Guys,92,15000000,135,6.1,11632420
Bless the Child,107,40000000,188,5.1,29374178
Free Style,94,10000000,4,4.2,140987
Romeo Must Die,115,25000000,365,6.1,55973336
Sex Drive,129,19000000,103,6.5,8396942
Charlie and the Chocolate Factory,115,150000000,1361,6.7,206456431
Unbreakable,106,75000000,1344,7.2,94999143
Match Point,119,15000000,735,7.7,23089926
Road Trip,94,15600000,302,6.5,68525609
The Fountain,96,35000000,915,7.3,10139254
Mr. Bean's Holiday,90,25000000,235,6.3,32553210
Gridiron Gang,125,30000000,134,6.9,38432823
The Dark Hours,80,500000,52,6.1,423
American Splendor,101,2000000,226,7.5,6003587
In Bruges,107,15000000,513,8,7757130
War,103,25000000,166,6.3,22466994
The White Ribbon,144,12000000,193,7.8,2222647
Never Again,98,500000,34,6,295468
The Wind That Shakes the Barley,127,8300000,222,7.5,1829142
The Order,102,38000000,204,5.1,7659747
Bride & Prejudice,122,7000000,276,6.2,6601079
The Informant!,108,21000000,175,6.5,33313582
Bedtime Stories,99,80000000,116,6.1,109993847
End of the Spear,108,10000000,148,7,11703287
Bee Movie,91,150000000,206,6.2,126597121
United 93,111,15000000,828,7.6,31471430
My Life in Ruins,98,17000000,75,5.9,8662318
Babel,143,25000000,908,7.5,34300771
Imagine Me & You,90,7900000,149,6.9,671240
Training Day,122,45000000,633,7.7,76261036
The Island,136,126000000,899,6.9,35799026
Two Lovers,110,12000000,98,7.1,3148482
Because I Said So,102,39000000,184,5.6,42640890
License to Wed,91,35000000,119,5.3,43792641
The Incredibles,115,92000000,815,8,261437578
Remember the Titans,120,30000000,402,7.8,115648585
Battlefield Earth,119,44000000,1308,2.4,21471685
The Hunted,94,55000000,321,6,34238611
"Synecdoche, New York",124,21000000,274,7.5,3081925
Running Scared,122,17000000,419,7.4,6855137
Surrogates,89,80000000,252,6.3,38542418
The Exploding Girl,79,40000,10,6.3,24705
Aliens in the Attic,86,45000000,55,5.4,25200412
The Patriot,142,110000000,1144,7.1,113330342
"Peace, Propaganda & the Promised Land",80,70000,13,8.3,4930
People I Know,100,22000000,81,5.5,121972
Bully,115,2100000,336,7,510092
The Unborn,89,16000000,230,4.8,42638165
Inside Deep Throat,89,2000000,64,6.8,653621
Thirteen Conversations About One Thing,104,4500000,115,7.1,3287435
Hotel for Dogs,100,35000000,57,5.4,73023275
Land of the Dead,97,15000000,662,6.2,20433940
The Lord of the Rings: The Two Towers,172,94000000,2417,8.7,340478898
Peaceful Warrior,120,10000000,175,7.3,1055654
Everything Put Together,87,100000,10,6.6,8741
Saw IV,96,10000000,319,5.9,63270259
Dragonfly,104,60000000,243,6.1,30063805
Michael Jordan to the Max,46,7000000,13,7.5,18642318
The Mudge Boy,94,800000,30,7.2,62852
A Very Long Engagement,133,47000000,239,7.7,6167817
Down in the Valley,108,8000000,110,6.5,568695
Lara Croft Tomb Raider: The Cradle of Life,117,95000000,316,5.5,65653758
Savage Grace,97,4600000,65,5.9,434417
Zathura: A Space Adventure,101,65000000,202,6.1,28045540
Man on Fire,146,70000000,690,7.7,77862546
Say It Isn't So,95,25000000,91,4.9,5516708
Semi-Pro,99,55000000,119,5.8,33472850
My Blueberry Nights,95,10000000,117,6.7,866778
Eight Below,120,40000000,263,7.3,81593527
Alvin and the Chipmunks,92,60000000,146,5.2,217326336
Full Frontal,101,2000000,172,4.7,2506446
Men with Brooms,102,7500000,83,6,4239767
The Singing Detective,109,8000000,79,5.6,336456
The Chronicles of Narnia: Prince Caspian,150,225000000,438,6.6,141614023
The Punisher,140,33000000,622,6.5,33682273
Zoolander,90,28000000,523,6.6,45162741
Stay Alive,75,9000000,281,5.1,23078294
The Last Samurai,154,140000000,928,7.7,111110575
Ice Princess,98,25000000,81,6,24381334
Reign Over Me,124,20000000,231,7.5,19661987
15 Minutes,120,42000000,265,6.1,24375436
11:14,85,6000000,133,7.2,3810792
Coco Before Chanel,111,19430000,65,6.7,6109075
Dinosaur,82,127500000,241,6.5,137748063
The Crew,88,23000000,47,5.6,13019253
Wal-Mart: The High Cost of Low Price,20,1500000,70,6.8,47197
Drumline,118,20000000,185,5.7,56398162
Click,107,70000000,685,6.4,137340146
The Transporter,92,21000000,460,6.8,25296447
A Mighty Heart,108,16000000,118,6.7,9172810
Catwoman,87,100000000,660,3.3,40198710
The Real Cancun,96,8000000,62,2.7,3713002
S.W.A.T.,117,80000000,340,6,116643346
Dracula: Pages from a Virgin's Diary,73,1600000,32,7,39659
The World's Fastest Indian,127,25000000,251,7.9,5128124
Stealing Harvard,85,25000000,92,5.1,13973532
All the King's Men,128,55000000,178,6.2,7221458
Blonde Ambition,93,10000000,34,3.9,5561
Gangs of New York,216,100000000,1166,7.5,77679638
The Wackness,99,6000000,75,7,2077046
Along Came a Spider,104,60000000,317,6.3,74058698
Renaissance,105,14000000,90,6.7,63260
Anchorman: The Legend of Ron Burgundy,98,26000000,577,7.2,84136909
Crank: High Voltage,96,20000000,223,6.2,13630226
The Ladies Man,84,11000000,79,5.1,13592872
In the Shadow of the Moon,100,2000000,44,8.1,1134049
Alfie,103,60000000,146,6.2,13395939
Neal 'N' Nikki,97,1500000,24,3.3,100358
50 First Dates,99,75000000,456,6.8,120776832
Ãon Flux,93,62000000,532,5.5,25857987
Original Sin,118,42000000,181,6,16252765
Jason X,85,11000000,673,4.4,12610731
A Christmas Carol,96,200000000,249,6.8,137850096
Dark Water,103,30000000,411,5.6,25472967
The Glass House,106,30000000,200,5.8,17951431
See Spot Run,94,35000000,53,5.4,33357476
Underworld,133,22000000,806,7,51483949
Bride Wars,89,30000000,129,5.4,58715510
Thirteen Days,145,80000000,315,7.3,34566746
Joe Dirt,91,17700000,205,5.9,27087695
The Brothers Bloom,114,20000000,105,6.9,3519627
Wicker Park,114,30000000,298,7,12831121
Finding Forrester,136,43000000,297,7.3,51768623
Let's Go to Prison,90,4000000,58,6,4613815
A Man Apart,109,36000000,135,6.1,26183197
The Tuxedo,98,60000000,207,5.3,50189179
The Next Best Thing,99,25000000,162,4.7,14983572
Flushed Away,85,149000000,122,6.7,64459316
Nine Queens,114,1500000,125,7.9,1221261
Alex & Emma,96,30000000,105,5.6,14208384
Shrek the Third,93,160000000,326,6.1,320706665
The Queen,94,9800000,421,7.3,56437947
The Wrestler,109,6000000,547,7.9,26236603
The Stepfather,101,20000000,119,5.6,29062561
One Night with the King,123,20000000,177,6.3,13391174
Agent Cody Banks,102,26000000,104,5,47285499
The Legend of Zorro,129,75000000,244,5.9,45356386
Alex Rider: Operation Stormbreaker,93,40000000,187,5.1,652526
Suspect Zero,99,27000000,139,5.9,8712564
Code Name: The Cleaner,91,20000000,26,4.5,8104069
G-Force,88,150000000,90,5.1,119420252
Star Trek,127,150000000,1559,8,257704099
Astro BoyÊ,94,65000000,77,6.3,19548064
This Is It,111,60000000,223,7.3,71844424
Quills,124,13500000,314,7.4,7060876
The Girl Next Door,110,25000000,513,6.8,14589444
Vanilla Sky,141,68000000,1248,6.9,100614858
Monster's Ball,112,4000000,522,7.1,31252964
The Jimmy Show,96,1500000,21,5.4,703
Atonement,123,30000000,581,7.8,50921738
Music and Lyrics,95,40000000,291,6.5,50562555
The Importance of Being Earnest,97,15000000,141,6.9,8378141
Space Chimps,81,37000000,45,4.5,30105968
Me and Orson Welles,107,25000000,69,6.8,1186957
Step Up 2: The Streets,98,23000000,108,6.2,58006147
Once,85,180000,329,7.9,9437933
Ultraviolet,94,30000000,830,4.4,18500966
The Marine,92,20000000,284,4.7,18843314
Crank,93,12000000,444,7,27829874
A Cinderella Story,95,20000000,232,5.9,51431160
Righteous Kill,101,60000000,248,6,40076438
Night at the Museum,108,110000000,444,6.4,250863268
Tuck Everlasting,90,15000000,127,6.7,19158074
Lions for Lambs,92,35000000,298,6.2,14998070
Garfield,80,35000000,232,5,75367693
My Best Friend's Girl,112,40000000,100,5.9,19151864
Murder by Numbers,115,50000000,302,6.1,31874869
After the Sunset,97,58000000,147,6.3,28328132
The Matrix Reloaded,138,150000000,2789,7.2,281492479
Strange Wilderness,87,20000000,120,5.3,6563357
The Country Bears,88,35000000,75,4,16988996
Crop Circles: Quest for Truth,115,750000,13,7,11562
Man on Wire,90,1000000,134,7.8,2957978
Dickie Roberts: Former Child Star,98,17000000,117,5.6,22734486
Memoirs of a Geisha,145,85000000,548,7.3,57010853
American Psycho,102,7000000,1061,7.6,15047419
Don McKay,87,6000000,17,5.9,13722
2012,158,200000000,1055,5.8,166112167
Identity,91,30000000,714,7.3,51475962
We Were Soldiers,124,75000000,742,7.1,78120196
The Lives of Others,137,2000000,407,8.5,11284657
Love & Basketball,124,15000000,116,7.2,27441122
The Hills Have Eyes II,89,15000000,211,5.1,20801344
Sherrybaby,96,2000000,78,6.6,198407
The Taking of Pelham 1 2 3,106,100000000,285,6.4,65452312
Life or Something Like It,103,40000000,128,5.8,14448589
Connie and Carla,108,20000000,117,6.3,8054280
Saint John of Las Vegas,85,3800000,11,5.8,100669
Eulogy,85,6500000,68,6.7,70527
Screwed,81,10000000,69,5.7,6982680
Dil Jo Bhi Kahey...,144,70000000,4,5.1,129319
Timecrimes,66,2600000,124,7.2,38108
Serving Sara,99,29000000,101,5.3,16930185
V for Vendetta,132,54000000,2042,8.2,70496802
The Day the Earth Stood Still,104,80000000,698,5.5,79363785
Edmond,82,10000000,119,6.3,131617
Persepolis,89,7300000,158,8,4443403
Mother and Child,125,4825000,65,7.2,1110286
Super Troopers,100,1200000,333,7.1,18488314
Amen.,132,103000000,55,7.3,274299
The Other End of the Line,106,14000000,26,6.2,115504
In the Cut,113,12000000,354,5.3,4717455
Are We There Yet?,95,32000000,149,4.6,82301521
Serendipity,82,28000000,374,6.9,49968653
Exit Wounds,101,33000000,232,5.5,51758599
Madea's Family Reunion,107,6000000,137,5,63231524
Gamer,95,50000000,245,5.8,20488579
Waitress,108,2000000,204,7.1,19067631
Up,96,175000000,704,8.3,292979556
Premonition,96,20000000,337,5.9,47852604
Thunderbirds,95,57000000,229,4.2,6768055
Rize,86,700000,46,7.1,3278611
The Young Victoria,100,35000000,100,7.3,10991381
Mulholland Drive,147,15000000,1768,8,7219578
The Da Vinci Code,174,125000000,1966,6.6,217536138
Three Burials,107,15000000,199,7.5,5023275
A Lot Like Love,107,30000000,161,6.6,21835784
Valiant,76,35000000,80,5.6,19447478
The Yellow Handkerchief,102,15500000,36,6.8,317040
Down to Earth,87,30000000,122,5.4,64172251
The Adventures of Sharkboy and Lavagirl 3-D,93,50000000,177,3.5,39177541
Ella Enchanted,96,35000000,244,6.3,22913677
Bulletproof Monk,104,52000000,180,5.5,23020488
The Nativity Story,101,30000000,203,6.8,37617947
Jackass: The Movie,87,5000000,327,6.6,64267897
Two Weeks Notice,101,60000000,269,6.1,93307796
Batman Begins,128,150000000,2685,8.3,205343774
Nicholas Nickleby,132,10000000,103,7.2,1309849
Once Upon a Time in Mexico,102,29000000,471,6.4,55845943
Four Christmases,88,80000000,124,5.6,120136047
Snow Angels,107,1500000,57,6.9,402820
The Pursuit of Happyness,117,55000000,611,8,162586036
Baby Mama,99,30000000,97,6,60269340
Civil Brand,91,500000,24,5.3,243347
Madagascar,86,75000000,385,6.9,193136719
Supernova,91,65000000,282,4.8,14218868
Rugrats in Paris: The Movie,78,30000000,49,6.1,76501438
Control,122,4500000,143,7.7,871577
Erin Brockovich,131,52000000,498,7.3,125548685
Rollerball,98,70000000,289,3,18990542
Saint Ralph,98,6000000,52,7.6,795126
In Good Company,109,26000000,214,6.5,45489752
Sky High,100,35000000,217,6.2,63939454
Hotel Rwanda,121,17500000,609,8.1,23472900
Scary Movie 3,84,48000000,347,5.5,110000082
Find Me Guilty,125,13000000,108,7.1,1172769
Quarantine,89,12000000,369,6,31691811
The Janky Promoters,85,10000000,10,5.2,9069
For Your Consideration,86,12000000,150,6.3,5542025
Jeepers Creepers II,104,17000000,316,5.6,35143332
"The Chronicles of Narnia: The Lion, the Witch and the Wardrobe",150,180000000,1463,6.9,291709845
The Women,114,16500000,125,4.9,26896744
Fantastic 4: Rise of the Silver Surfer,92,130000000,436,5.6,131920333
Joe Somebody,98,38000000,85,5.5,22770864
One Hour Photo,96,12000000,605,6.8,31597131
Spy Kids 2: Island of Lost Dreams,100,38000000,107,5.1,85570368
Paranormal Activity,84,15000,1189,6.3,107917283
Meet the Fockers,106,80000000,428,6.3,279167575
Nancy Drew,99,8400000,102,5.9,25584685
Little Black Book,105,35000000,116,5.2,20422207
The Benchwarmers,75,33000000,209,5.6,57651794
The True Story of Puss'N Boots,80,25000000,24,2.9,7687222
Lucky Break,107,6000000,34,6.2,54606
My Boss's Daughter,90,14000000,123,4.6,15549702
Closer,98,27000000,903,7.3,33987757
Mission: Impossible II,123,125000000,1426,6.1,215397307
Hitch,118,70000000,372,6.6,177575142
The Puffy Chair,85,15000,71,6.6,192467
Daybreakers,98,20000000,281,6.5,29975979
The Living Wake,91,500000,10,6.5,12055
Superman Returns,169,209000000,2367,6.1,200069408
Just Married,95,18000000,205,5.4,56127162
The Lord of the Rings: The Fellowship of the Ring,171,93000000,5060,8.8,313837577
Drowning Mona,96,16000000,148,5.6,15427192
Brick Lane,101,2500000,29,6.7,1094998
The Mexican,123,34000000,344,6.1,66808615
D.E.B.S.,91,3500000,135,5.3,96793
Tupac: Resurrection,112,300000,32,8,7707563
The Bourne Supremacy,108,75000000,806,7.8,176049130
Moonlight Mile,112,21000000,147,6.7,6830957
The Emperor's New Groove,78,100000000,297,7.3,89296573
Blood Work,110,50000000,260,6.4,26199517
Swordfish,99,80000000,543,6.5,69772969
Rush Hour 2,90,90000000,394,6.6,226138454
Idlewild,121,15000000,91,6.2,12549485
Copying Beethoven,104,11000000,86,6.8,352786
This Is England,101,1500000,192,7.7,327919
The Quiet,91,900000,90,6.4,381186
The Haunting of Molly Hartley,82,5000000,113,3.8,13350177
Corky Romano,86,11000000,100,4.6,23978402
Thomas and the Magic Railroad,85,19000000,119,3.6,15911333
TMNT,87,34000000,211,6.3,54132596
Babylon A.D.,101,70000000,214,5.6,22531698
The Proposition,104,2000000,232,7.4,1900725
Sleep Dealer,90,2500000,40,5.9,75727
Gracie,95,9000000,27,6.2,2955039
Changing Lanes,91,45000000,350,6.5,66790248
Terminator 3: Rise of the Machines,109,200000000,1676,6.4,150350192
Oliver Twist,130,50000000,138,6.9,1987287
Lord of War,122,50000000,437,7.6,24127895
Lost in Translation,101,4000000,1848,7.8,44566004
Underworld: Evolution,102,50000000,502,6.8,62318875
Keeping Up with the Steins,90,5000000,41,5.4,4328294
I Love Your Work,111,1650000,40,5.4,2580
Appaloosa,115,20000000,202,6.8,20207003
Mercy Streets,106,600000,16,5.6,171988
White Noise,101,10000000,403,5.5,55865715
El crimen del padre Amaro,118,1800000,110,6.8,5709616
No Reservations,104,28000000,128,6.3,43097652
The Count of Monte Cristo,131,35000000,544,7.7,54228104
Leatherheads,114,58000000,120,6,31199215
Raising Helen,119,50000000,106,6,37486138
The Last House on the Left,114,15000000,279,6.6,32721635
Fool's Gold,112,70000000,138,5.6,70224196
Hellboy,132,66000000,597,6.8,59035104
Hellboy II: The Golden Army,120,85000000,342,7,75754670
To Save a Life,120,1000000,55,7.1,3773863
My Baby's Daddy,86,12000000,18,4.5,17321573
Conversations with Other Women,84,450000,54,7.1,379122
Enter the Void,161,13000000,192,7.3,336467
Rocky Balboa,139,24000000,962,7.2,70269171
Stolen Summer,91,1500000,55,6.5,119841
A Walk to Remember,101,11000000,962,7.4,41227069
Sin City,147,40000000,1732,8.1,74098862
Boys and Girls,94,16000000,134,5.3,20627372
3:10 to Yuma,122,55000000,560,7.8,53574088
Eye See You,96,55000000,142,5.3,6632383
De-Lovely,125,20000000,226,6.6,13337299
A Knight's Tale,144,65000000,658,6.9,56083966
Out of the Blue,100,4600000,22,7.3,728
Timber Falls,100,2600000,47,5.3,680299
Bolt,96,150000000,178,6.9,114053579
The Fast and the Furious,106,38000000,988,6.7,144512310
American Pie 2,108,30000000,431,6.4,145096820
X-Men Origins: Wolverine,119,150000000,641,6.7,179883016
Whale Rider,101,6000000,346,7.6,20772796
Spider,98,8000000,213,6.8,1641788
Dumb and Dumberer: When Harry Met Lloyd,85,19000000,267,3.4,26096584
High Crimes,115,42000000,175,6.3,41543207
WALLÂ·E,98,180000000,1043,8.4,223806889
Paparazzi,84,20000000,138,5.8,15712072
No End in Sight,102,2000000,55,8.3,1430185
The Guru,94,11000000,128,5.4,3034181
Bandidas,93,32000000,76,5.7,18381890
Boogeyman,89,20000000,389,4.1,46363118
Survival of the Dead,90,4000000,159,5,101055
Things We Lost in the Fire,118,16000000,88,7.2,2849142
What Women Want,127,70000000,395,6.4,182805123
The Life of David Gale,130,50000000,420,7.5,19593740
The Village,108,60000000,2003,6.5,114195633
L'auberge espagnole,111,5300000,149,7.3,3895664
Nim's Island,96,37000000,110,6,48006503
Pirates of the Caribbean: At World's End,169,300000000,1238,7.1,309404152
The Cave,93,30000000,262,5.1,14888028
"Welcome Home, Roscoe Jenkins",114,35000000,39,5.3,42168445
The Adventures of Pluto Nash,95,100000000,164,3.8,4411102
Urbania,106,225000,73,7,1027119
Nacho Libre,92,32000000,441,5.7,80197993
Bowling for Columbine,120,4000000,888,8,21244913
28 Days,103,43000000,194,6,37035515
Imaginary Heroes,111,4000000,56,7.3,228524
The Midnight Meat Train,103,15000000,209,6.1,73548
Novocaine,95,6000000,105,5.8,2025238
Analyze That,96,60000000,138,5.9,32122249
Saw II,95,4000000,864,6.6,87025093
Shadow of the Vampire,92,8000000,339,6.9,8279017
Kiss the Bride,100,500000,10,5.7,31937
Nick and Norah's Infinite Playlist,90,9000000,129,6.7,31487293
American Dreamz,107,19000000,217,5.5,7156725
Adam,99,3200000,70,7.2,2277396
Down and Out with the Dolls,88,1200000,4,6.1,58936
Funny People,153,75000000,301,6.4,51814190
Snakes on a Plane,105,33000000,1033,5.6,34014398
The Mummy: Tomb of the Dragon Emperor,112,145000000,501,5.2,102176165
Digimon: The Movie,82,5000000,65,5.9,9628751
A Perfect Getaway,108,14000000,215,6.5,15483540
Couples Retreat,113,60000000,144,5.5,109176215
The Joneses,96,5000000,88,6.5,1474508
Seabiscuit,140,87000000,455,7.3,120147445
Red Riding: In the Year of Our Lord 1974,102,9000000,44,7.1,151644
Paycheck,119,60000000,347,6.3,53789313
Children of Men,109,76000000,1206,7.9,35286428
Darkness Falls,96,11000000,369,4.9,32131483
Marley & Me,115,60000000,320,7.1,143151473
House of Wax,108,30000000,576,5.3,32048809
Orphan,123,20000000,383,7,41573740
Head Over Heels,86,14000000,104,5.4,10397365
Did You Hear About the Morgans?,103,58000000,121,4.7,29580087
Dancer in the Dark,140,12800000,690,8,4157491
Seed of Chucky,88,12000000,214,4.9,17016190
Collateral Damage,108,85000000,339,5.5,40048332
Harry Potter and the Chamber of Secrets,174,100000000,858,7.4,261970615
Exorcist: The Beginning,125,50000000,308,5.1,41814863
My Big Fat Greek Wedding,95,5000000,756,6.6,241437427
You Can Count on Me,111,1200000,231,7.7,9180275
The Last Sin Eater,117,2200000,29,5.9,379643
Swimfan,85,8500000,217,5,28563926
And Then Came Love,90,989000,4,4.8,13944
Cavite,80,7000,35,6.3,70071
Windtalkers,153,115000000,454,6,40911830
88 Minutes,108,30000000,262,5.9,16930884
Stealth,121,135000000,388,5,31704416
The Holy Girl,106,1400000,37,6.7,304124
The Wild Thornberrys Movie,85,25000000,33,5.2,39880476
The Boondock Saints II: All Saints Day,138,8000000,188,6.3,10269307
The Business of Strangers,84,6000000,78,6.4,1028337
Harry Brown,97,7300000,224,7.2,1818681
Precious,109,10000000,275,7.3,47536959
Hardball,106,21000000,131,6.3,40219708
Surf's Up,85,100000000,112,6.8,58867694
Shrek 2,93,150000000,483,7.2,436471036
The Bucket List,97,45000000,310,7.4,93452056
Hollow Man,119,95000000,628,5.7,73209340
Who's Your Caddy?,93,7000000,46,2,5694308
Minority Report,145,102000000,1331,7.7,132014112
"O Brother, Where Art Thou?",107,26000000,862,7.8,45506619
The Scorpion King,100,60000000,432,5.5,90341670
Looney Tunes: Back in Action,91,80000000,160,5.7,20950820
Jennifer's Body,107,16000000,294,5.1,16204793
District 9,112,30000000,1262,8,115646235
Flicka,95,15000000,76,6.2,20998709
Maria Full of Grace,101,3000000,172,7.5,6517198
The Claim,115,20000000,92,6.5,403932
You Kill Me,93,4000000,76,6.5,2426851
Fabled,84,400000,10,5.8,25918
This Christmas,117,13000000,32,6.1,49121934
Get Carter,102,40000000,284,5.1,14967182
Summer Storm,98,2700000,56,7.4,95016
Date Movie,85,20000000,613,2.7,48546578
The Game Plan,110,22000000,83,6.2,90636983
Epic Movie,93,20000000,666,2.3,39737645
Seven Pounds,123,55000000,599,7.7,69951824
The Matrix Revolutions,129,150000000,2121,6.7,139259759
The Grudge 2,137,20000000,284,5,39143839
Soul Plane,92,16000000,150,4.4,13922211
Queen of the Damned,101,35000000,695,5.2,30307804
Chocolat,121,25000000,498,7.3,71309760
Duplicity,125,60000000,184,6.2,40559930
The Longest Yard,113,82000000,316,6.4,158115031
The Hangover,108,35000000,626,7.8,277313371
Harry Potter and the Sorcerer's Stone,159,125000000,1571,7.5,317557891
The House of the Devil,95,900000,193,6.4,100659
Black Snake Moan,116,15000000,200,7,9396487
Small Time Crooks,94,18000000,192,6.7,17071230
ChÃ©ri,100,23000000,43,6.2,2708188
Brown Sugar,109,8000000,60,6.5,27362712
Glory Road,118,30000000,145,7.2,42643187
Formula 51,93,28000000,167,6.3,5204007
Life as a House,125,18000000,359,7.5,15561627
Michael Clayton,119,25000000,363,7.3,49024969
House of 1000 Corpses,105,7000000,922,6,12583510
Death Race,111,45000000,211,6.4,36064910
Rock Star,105,57000000,191,6.2,16991902
Zoom,83,35000000,113,4.2,11631245
The Master of Disguise,80,16000000,307,3.3,40363530
27 Dresses,111,30000000,154,6.1,76806312
The Grudge,98,10000000,911,5.9,110175871
Death Sentence,111,20000000,299,6.8,9525276
Poseidon,98,160000000,629,5.6,60655503
Superbabies: Baby Geniuses 2,88,20000000,129,1.9,9109322
Final Fantasy: The Spirits Within,106,137000000,788,6.4,32131830
Fantastic Mr. Fox,87,40000000,245,7.8,20999103
Kissing Jessica Stein,97,1000000,190,6.7,7022940
Planet 51,91,70000000,72,6.1,42194060
Hostel,93,4800000,1516,5.9,47277326
I Hope They Serve Beer in Hell,105,7000000,72,5.3,1425993
Mr. & Mrs. Smith,126,120000000,798,6.5,186336103
Monster House,91,75000000,229,6.6,73661010
Inside Man,129,45000000,646,7.6,88504640
The Kingdom,110,70000000,289,7.1,47456450
Street Fighter: The Legend of Chun-Li,96,18000000,179,3.7,8742261
Antwone Fisher,117,12500000,159,7.3,21078145
Mean Machine,99,2500000,84,6.5,92191
About Schmidt,125,30000000,612,7.2,65010106
Dragonball: Evolution,100,45000000,524,2.7,9353573
Brigham City,119,1000000,63,7.2,798341
Bright Star,119,8500000,110,7,4440055
"I, Robot",115,120000000,789,7.1,144795350
"Legally Blonde 2: Red, White & Blonde",95,45000000,297,4.6,89808372
The Good Heart,99,3800000,14,6.9,19959
The Cookout,97,16000000,20,3.6,11540112
The Barbarian Invasions,112,6000000,166,7.7,3432342
American Outlaws,94,35000000,162,6,13264986
The Prince and Me,111,22000000,154,5.9,28165882
How She Move,94,17000000,18,3.3,7070459
Armored,88,27000000,110,5.7,15988876
Transformers,144,150000000,1782,7.1,318759914
U-571,116,62000000,602,6.6,77086030
Closure,80,1800000,44,5.6,381203
The Constant Gardener,129,15000000,568,7.5,33565375
Napoleon Dynamite,92,400000,1473,6.9,44540956
Amores Perros,115,2000000,361,8.1,5383834
Titan A.E.,94,75000000,377,6.6,22751979
The Hebrew Hammer,87,1000000,53,6.2,19539
Catch Me If You Can,141,52000000,667,8,164435221
21,123,35000000,278,6.8,81159365
Spirit: Stallion of the Cimarron,83,80000000,216,7,73215310
Meet Dave,90,60000000,109,4.9,11802056
X-Men 2,134,110000000,1055,7.5,214948780
3 Strikes,82,6000000,10,4,9821335
The Alamo,137,107000000,267,6,22406362
Kate & Leopold,123,48000000,316,6.4,47095453
Freaky Friday,97,26000000,271,6.1,110222438
The Hurt Locker,131,15000000,876,7.6,15700000
Malibu's Most Wanted,86,16000000,87,5.1,34308901
Silent Hill,132,50000000,1740,6.6,46982632
Wonderland,104,5000000,153,6.6,1056102
College,94,6500000,78,4.6,4693919
Captain Corelli's Mandolin,131,57000000,220,5.9,25528495
12 Rounds,108,22000000,113,5.6,12232937
Bring It On,98,10000000,385,5.9,68353550
Fever Pitch,104,30000000,208,6.2,42071069
The Final Destination,82,40000000,290,5.2,66466372
The Good Thief,109,25000000,103,6.6,3517797
Masked and Anonymous,112,7500000,95,5.5,533344
Pride and Glory,130,30000000,132,6.7,15709385
Clerks II,97,5000000,472,7.4,24138847
The Ten,96,5250000,117,5,766487
Half Past Dead,98,13000000,132,4.6,15361537
Daddy Day Camp,89,6000000,32,2.9,13235267
Enchanted,107,85000000,399,7.1,127706877
Slow Burn,93,15500000,24,5.9,1181197
Old Dogs,88,35000000,120,5.4,49474048
What Planet Are You From?,87,50000000,91,5.6,6291602
Cypher,95,7500000,124,6.8,898365
The Heart of Me,96,7000000,25,6.7,196067
Transformers: Revenge of the Fallen,150,200000000,1439,6,402076689
The Salton Sea,103,18000000,180,7.2,676698
Brothers,105,26000000,201,7.1,28501651
Transsiberian,111,15000000,162,6.7,2203641
Whipped,82,3000000,81,4.4,4142507
Jimmy Neutron: Boy Genius,82,30000000,118,6,80920948
Reno 911!: Miami,84,10000000,73,5.9,20339754
Never Back Down,110,20000000,184,6.6,24848292
Laws of Attraction,90,28000000,102,5.9,17848322
It's All Gone Pete Tong,90,2000000,67,7.4,120620
The Secret of Kells,75,6500000,71,7.7,686383
Eragon,104,100000000,1690,5.1,75030163
13 Going on 30,98,37000000,339,6.1,56044241
The Wave,107,5000000,96,7.6,32350637
After.Life,104,4500000,137,5.9,108229
Walk Hard: The Dewey Cox Story,120,35000000,200,6.7,18317151
The Beach,119,50000000,548,6.6,39778599
American Desi,100,250000,40,6.7,902835
Tarnation,88,218,114,7.2,592014
No Man's Land: The Rise of Reeker,88,2000000,31,4.9,99499
Sunshine,107,26000000,801,7.3,3675072
Iris,91,5500000,144,7.1,1292119
Crazy/Beautiful,135,14000000,169,6.5,16929123
The Producers,134,45000000,409,6.4,19377727
My Date with Drew,90,1100,84,6.6,85222
Open Range,139,22000000,494,7.5,58328680
Adam Resurrected,106,10000000,31,6.3,82349
Tears of the Sun,142,70000000,394,6.6,43426961
Intolerable Cruelty,100,60000000,322,6.3,35096190
I Come with the Rain,114,18000000,20,5.5,4748432
Joyeux Noel,116,22000000,147,7.8,1050445
House of D,96,6000000,86,7,371081
An Unfinished Life,108,30000000,152,7,8535575
Almost Famous,152,60000000,822,7.9,32522352
Win a Date with Tad Hamilton!,95,24000000,140,5.6,16964743
The Secret in Their Eyes,129,2000000,231,8.2,20167424
What's the Worst That Could Happen?,94,45000000,84,5.5,32095318
The Ruins,93,8000000,351,5.9,17427926
Out of Time,114,50000000,157,6.5,40905277
They,89,17000000,271,4.8,12693621
Bubble Boy,84,13000000,181,5.6,5002310
Beerfest,110,17500000,177,6.3,19179969
The Cooler,101,3200000,215,7,8243880
Dracula 2000,99,28000000,365,4.9,33000377
Speed Racer,135,120000000,414,6.1,43929341
Basic Instinct 2,116,70000000,313,4.2,5851188
Because of Winn-Dixie,106,14000000,88,6.4,32645546
500 Days of Summer,95,7500000,494,7.7,32391374
The Upside of Anger,118,9000000,219,6.9,18761993
The Emperor's Club,109,12500000,139,6.9,14060950
Black Hawk Down,152,92000000,1103,7.7,108638745
Big Fat Liar,88,15000000,99,5.4,47811275
One Missed Call,87,27000000,189,3.9,26876529
Open Water,79,500000,916,5.7,30500882
Love in the Time of Cholera,139,45000000,115,6.4,4584886
The Oh in Ohio,88,5000000,56,5.6,648183
Dear Wendy,102,50000000,58,6.6,23106
Scary Movie 2,83,45000000,548,5.2,71277420
